TBLID,GEOID,GEONAME,ORDER,TITLE,ESTIMATE,MG_ERROR
B01003,,,,TOTAL POPULATION,,
B01003,,,,Universe:  Total population,,
B01003,05000US01003,"Baldwin County, Alabama",1,Total,"218,022",*****
B01003,05000US01015,"Calhoun County, Alabama",1,Total,"114,277",*****
B01003,05000US01043,"Cullman County, Alabama",1,Total,"83,442",*****
B01003,05000US01049,"DeKalb County, Alabama",1,Total,"71,385",*****
B01003,05000US01051,"Elmore County, Alabama",1,Total,"81,887",*****
B01003,05000US01055,"Etowah County, Alabama",1,Total,"102,501",*****
B01003,05000US01069,"Houston County, Alabama",1,Total,"104,722",*****
B01003,05000US01073,"Jefferson County, Alabama",1,Total,"659,300",*****
B01003,05000US01077,"Lauderdale County, Alabama",1,Total,"92,387",*****
B01003,05000US01081,"Lee County, Alabama",1,Total,"163,941",*****
B01003,05000US01083,"Limestone County, Alabama",1,Total,"96,174",*****
B01003,05000US01089,"Madison County, Alabama",1,Total,"366,519",*****
B01003,05000US01095,"Marshall County, Alabama",1,Total,"96,109",*****
B01003,05000US01097,"Mobile County, Alabama",1,Total,"413,757",*****
B01003,05000US01101,"Montgomery County, Alabama",1,Total,"225,763",*****
B01003,05000US01103,"Morgan County, Alabama",1,Total,"119,089",*****
B01003,05000US01115,"St. Clair County, Alabama",1,Total,"88,690",*****
B01003,05000US01117,"Shelby County, Alabama",1,Total,"215,707",*****
B01003,05000US01121,"Talladega County, Alabama",1,Total,"79,828",*****
B01003,05000US01125,"Tuscaloosa County, Alabama",1,Total,"208,911",*****
B01003,05000US01127,"Walker County, Alabama",1,Total,"63,711",*****
B01003,05000US02020,"Anchorage Municipality, Alaska",1,Total,"291,538",*****
B01003,05000US02090,"Fairbanks North Star Borough, Alaska",1,Total,"98,971",*****
B01003,05000US02170,"Matanuska-Susitna Borough, Alaska",1,Total,"107,610",*****
B01003,05000US04001,"Apache County, Arizona",1,Total,"71,818",*****
B01003,05000US04003,"Cochise County, Arizona",1,Total,"126,770",*****
B01003,05000US04005,"Coconino County, Arizona",1,Total,"142,854",*****
B01003,05000US04013,"Maricopa County, Arizona",1,Total,"4,410,824",*****
B01003,05000US04015,"Mohave County, Arizona",1,Total,"209,550",*****
B01003,05000US04017,"Navajo County, Arizona",1,Total,"110,445",*****
B01003,05000US04019,"Pima County, Arizona",1,Total,"1,039,073",*****
B01003,05000US04021,"Pinal County, Arizona",1,Total,"447,138",*****
B01003,05000US04025,"Yavapai County, Arizona",1,Total,"231,993",*****
B01003,05000US04027,"Yuma County, Arizona",1,Total,"212,128",*****
B01003,05000US05007,"Benton County, Arkansas",1,Total,"272,608",*****
B01003,05000US05031,"Craighead County, Arkansas",1,Total,"108,558",*****
B01003,05000US05045,"Faulkner County, Arkansas",1,Total,"124,806",*****
B01003,05000US05051,"Garland County, Arkansas",1,Total,"99,154",*****
B01003,05000US05069,"Jefferson County, Arkansas",1,Total,"68,114",*****
B01003,05000US05085,"Lonoke County, Arkansas",1,Total,"73,657",*****
B01003,05000US05119,"Pulaski County, Arkansas",1,Total,"392,680",*****
B01003,05000US05125,"Saline County, Arkansas",1,Total,"121,421",*****
B01003,05000US05131,"Sebastian County, Arkansas",1,Total,"127,753",*****
B01003,05000US05143,"Washington County, Arkansas",1,Total,"236,961",*****
B01003,05000US05145,"White County, Arkansas",1,Total,"78,727",*****
B01003,05000US06001,"Alameda County, California",1,Total,"1,666,753",*****
B01003,05000US06007,"Butte County, California",1,Total,"231,256",*****
B01003,05000US06013,"Contra Costa County, California",1,Total,"1,150,215",*****
B01003,05000US06017,"El Dorado County, California",1,Total,"190,678",*****
B01003,05000US06019,"Fresno County, California",1,Total,"994,400",*****
B01003,05000US06023,"Humboldt County, California",1,Total,"136,373",*****
B01003,05000US06025,"Imperial County, California",1,Total,"181,827",*****
B01003,05000US06029,"Kern County, California",1,Total,"896,764",*****
B01003,05000US06031,"Kings County, California",1,Total,"151,366",*****
B01003,05000US06033,"Lake County, California",1,Total,"64,382",*****
B01003,05000US06037,"Los Angeles County, California",1,Total,"10,105,518",*****
B01003,05000US06039,"Madera County, California",1,Total,"157,672",*****
B01003,05000US06041,"Marin County, California",1,Total,"259,666",*****
B01003,05000US06045,"Mendocino County, California",1,Total,"87,606",*****
B01003,05000US06047,"Merced County, California",1,Total,"274,765",*****
B01003,05000US06053,"Monterey County, California",1,Total,"435,594",*****
B01003,05000US06055,"Napa County, California",1,Total,"139,417",*****
B01003,05000US06057,"Nevada County, California",1,Total,"99,696",*****
B01003,05000US06059,"Orange County, California",1,Total,"3,185,968",*****
B01003,05000US06061,"Placer County, California",1,Total,"393,149",*****
B01003,05000US06065,"Riverside County, California",1,Total,"2,450,758",*****
B01003,05000US06067,"Sacramento County, California",1,Total,"1,540,975",*****
B01003,05000US06071,"San Bernardino County, California",1,Total,"2,171,603",*****
B01003,05000US06073,"San Diego County, California",1,Total,"3,343,364",*****
B01003,05000US06075,"San Francisco County, California",1,Total,"883,305",*****
B01003,05000US06077,"San Joaquin County, California",1,Total,"752,660",*****
B01003,05000US06079,"San Luis Obispo County, California",1,Total,"284,010",*****
B01003,05000US06081,"San Mateo County, California",1,Total,"769,545",*****
B01003,05000US06083,"Santa Barbara County, California",1,Total,"446,527",*****
B01003,05000US06085,"Santa Clara County, California",1,Total,"1,937,570",*****
B01003,05000US06087,"Santa Cruz County, California",1,Total,"274,255",*****
B01003,05000US06089,"Shasta County, California",1,Total,"180,040",*****
B01003,05000US06095,"Solano County, California",1,Total,"446,610",*****
B01003,05000US06097,"Sonoma County, California",1,Total,"499,942",*****
B01003,05000US06099,"Stanislaus County, California",1,Total,"549,815",*****
B01003,05000US06101,"Sutter County, California",1,Total,"96,807",*****
B01003,05000US06107,"Tulare County, California",1,Total,"465,861",*****
B01003,05000US06111,"Ventura County, California",1,Total,"850,967",*****
B01003,05000US06113,"Yolo County, California",1,Total,"220,408",*****
B01003,05000US06115,"Yuba County, California",1,Total,"78,041",*****
B01003,05000US08001,"Adams County, Colorado",1,Total,"511,868",*****
B01003,05000US08005,"Arapahoe County, Colorado",1,Total,"651,215",*****
B01003,05000US08013,"Boulder County, Colorado",1,Total,"326,078",*****
B01003,05000US08014,"Broomfield County, Colorado",1,Total,"69,267",*****
B01003,05000US08031,"Denver County, Colorado",1,Total,"716,492",*****
B01003,05000US08035,"Douglas County, Colorado",1,Total,"342,776",*****
B01003,05000US08041,"El Paso County, Colorado",1,Total,"713,856",*****
B01003,05000US08059,"Jefferson County, Colorado",1,Total,"580,233",*****
B01003,05000US08069,"Larimer County, Colorado",1,Total,"350,518",*****
B01003,05000US08077,"Mesa County, Colorado",1,Total,"153,207",*****
B01003,05000US08101,"Pueblo County, Colorado",1,Total,"167,529",*****
B01003,05000US08123,"Weld County, Colorado",1,Total,"314,305",*****
B01003,05000US09001,"Fairfield County, Connecticut",1,Total,"943,823",*****
B01003,05000US09003,"Hartford County, Connecticut",1,Total,"892,697",*****
B01003,05000US09005,"Litchfield County, Connecticut",1,Total,"181,111",*****
B01003,05000US09007,"Middlesex County, Connecticut",1,Total,"162,682",*****
B01003,05000US09009,"New Haven County, Connecticut",1,Total,"857,620",*****
B01003,05000US09011,"New London County, Connecticut",1,Total,"266,784",*****
B01003,05000US09013,"Tolland County, Connecticut",1,Total,"150,921",*****
B01003,05000US09015,"Windham County, Connecticut",1,Total,"117,027",*****
B01003,05000US10001,"Kent County, Delaware",1,Total,"178,550",*****
B01003,05000US10003,"New Castle County, Delaware",1,Total,"559,335",*****
B01003,05000US10005,"Sussex County, Delaware",1,Total,"229,286",*****
B01003,05000US11001,"District of Columbia, District of Columbia",1,Total,"702,455",*****
B01003,05000US12001,"Alachua County, Florida",1,Total,"269,956",*****
B01003,05000US12005,"Bay County, Florida",1,Total,"185,287",*****
B01003,05000US12009,"Brevard County, Florida",1,Total,"596,849",*****
B01003,05000US12011,"Broward County, Florida",1,Total,"1,951,260",*****
B01003,05000US12015,"Charlotte County, Florida",1,Total,"184,998",*****
B01003,05000US12017,"Citrus County, Florida",1,Total,"147,929",*****
B01003,05000US12019,"Clay County, Florida",1,Total,"216,072",*****
B01003,05000US12021,"Collier County, Florida",1,Total,"378,488",*****
B01003,05000US12023,"Columbia County, Florida",1,Total,"70,503",*****
B01003,05000US12031,"Duval County, Florida",1,Total,"950,181",*****
B01003,05000US12033,"Escambia County, Florida",1,Total,"315,534",*****
B01003,05000US12035,"Flagler County, Florida",1,Total,"112,067",*****
B01003,05000US12053,"Hernando County, Florida",1,Total,"190,865",*****
B01003,05000US12055,"Highlands County, Florida",1,Total,"105,424",*****
B01003,05000US12057,"Hillsborough County, Florida",1,Total,"1,436,888",*****
B01003,05000US12061,"Indian River County, Florida",1,Total,"157,413",*****
B01003,05000US12069,"Lake County, Florida",1,Total,"356,495",*****
B01003,05000US12071,"Lee County, Florida",1,Total,"754,610",*****
B01003,05000US12073,"Leon County, Florida",1,Total,"292,502",*****
B01003,05000US12081,"Manatee County, Florida",1,Total,"394,855",*****
B01003,05000US12083,"Marion County, Florida",1,Total,"359,977",*****
B01003,05000US12085,"Martin County, Florida",1,Total,"160,912",*****
B01003,05000US12086,"Miami-Dade County, Florida",1,Total,"2,761,581",*****
B01003,05000US12087,"Monroe County, Florida",1,Total,"75,027",*****
B01003,05000US12089,"Nassau County, Florida",1,Total,"85,832",*****
B01003,05000US12091,"Okaloosa County, Florida",1,Total,"207,269",*****
B01003,05000US12095,"Orange County, Florida",1,Total,"1,380,645",*****
B01003,05000US12097,"Osceola County, Florida",1,Total,"367,990",*****
B01003,05000US12099,"Palm Beach County, Florida",1,Total,"1,485,941",*****
B01003,05000US12101,"Pasco County, Florida",1,Total,"539,630",*****
B01003,05000US12103,"Pinellas County, Florida",1,Total,"975,280",*****
B01003,05000US12105,"Polk County, Florida",1,Total,"708,009",*****
B01003,05000US12107,"Putnam County, Florida",1,Total,"74,163",*****
B01003,05000US12109,"St. Johns County, Florida",1,Total,"254,261",*****
B01003,05000US12111,"St. Lucie County, Florida",1,Total,"321,128",*****
B01003,05000US12113,"Santa Rosa County, Florida",1,Total,"179,349",*****
B01003,05000US12115,"Sarasota County, Florida",1,Total,"426,718",*****
B01003,05000US12117,"Seminole County, Florida",1,Total,"467,832",*****
B01003,05000US12119,"Sumter County, Florida",1,Total,"128,754",*****
B01003,05000US12127,"Volusia County, Florida",1,Total,"547,538",*****
B01003,05000US12131,"Walton County, Florida",1,Total,"71,375",*****
B01003,05000US13013,"Barrow County, Georgia",1,Total,"80,809",*****
B01003,05000US13015,"Bartow County, Georgia",1,Total,"106,408",*****
B01003,05000US13021,"Bibb County, Georgia",1,Total,"153,095",*****
B01003,05000US13031,"Bulloch County, Georgia",1,Total,"77,296",*****
B01003,05000US13045,"Carroll County, Georgia",1,Total,"118,121",*****
B01003,05000US13047,"Catoosa County, Georgia",1,Total,"67,420",*****
B01003,05000US13051,"Chatham County, Georgia",1,Total,"289,195",*****
B01003,05000US13057,"Cherokee County, Georgia",1,Total,"254,149",*****
B01003,05000US13059,"Clarke County, Georgia",1,Total,"127,330",*****
B01003,05000US13063,"Clayton County, Georgia",1,Total,"289,615",*****
B01003,05000US13067,"Cobb County, Georgia",1,Total,"756,865",*****
B01003,05000US13073,"Columbia County, Georgia",1,Total,"154,291",*****
B01003,05000US13077,"Coweta County, Georgia",1,Total,"145,864",*****
B01003,05000US13089,"DeKalb County, Georgia",1,Total,"756,558",*****
B01003,05000US13095,"Dougherty County, Georgia",1,Total,"91,243",*****
B01003,05000US13097,"Douglas County, Georgia",1,Total,"145,331",*****
B01003,05000US13113,"Fayette County, Georgia",1,Total,"113,459",*****
B01003,05000US13115,"Floyd County, Georgia",1,Total,"97,927",*****
B01003,05000US13117,"Forsyth County, Georgia",1,Total,"236,612",*****
B01003,05000US13121,"Fulton County, Georgia",1,Total,"1,050,114",*****
B01003,05000US13127,"Glynn County, Georgia",1,Total,"85,219",*****
B01003,05000US13135,"Gwinnett County, Georgia",1,Total,"927,781",*****
B01003,05000US13139,"Hall County, Georgia",1,Total,"202,148",*****
B01003,05000US13151,"Henry County, Georgia",1,Total,"230,220",*****
B01003,05000US13153,"Houston County, Georgia",1,Total,"155,469",*****
B01003,05000US13157,"Jackson County, Georgia",1,Total,"70,422",*****
B01003,05000US13185,"Lowndes County, Georgia",1,Total,"116,321",*****
B01003,05000US13215,"Muscogee County, Georgia",1,Total,"194,160",*****
B01003,05000US13217,"Newton County, Georgia",1,Total,"109,541",*****
B01003,05000US13223,"Paulding County, Georgia",1,Total,"164,044",*****
B01003,05000US13245,"Richmond County, Georgia",1,Total,"201,554",*****
B01003,05000US13247,"Rockdale County, Georgia",1,Total,"90,594",*****
B01003,05000US13255,"Spalding County, Georgia",1,Total,"66,100",*****
B01003,05000US13285,"Troup County, Georgia",1,Total,"70,034",*****
B01003,05000US13295,"Walker County, Georgia",1,Total,"69,410",*****
B01003,05000US13297,"Walton County, Georgia",1,Total,"93,503",*****
B01003,05000US13313,"Whitfield County, Georgia",1,Total,"104,062",*****
B01003,05000US15001,"Hawaii County, Hawaii",1,Total,"200,983",*****
B01003,05000US15003,"Honolulu County, Hawaii",1,Total,"980,080",*****
B01003,05000US15007,"Kauai County, Hawaii",1,Total,"72,133",*****
B01003,05000US15009,"Maui County, Hawaii",1,Total,"167,218",+/-59
B01003,05000US16001,"Ada County, Idaho",1,Total,"469,966",*****
B01003,05000US16005,"Bannock County, Idaho",1,Total,"87,138",*****
B01003,05000US16019,"Bonneville County, Idaho",1,Total,"116,854",*****
B01003,05000US16027,"Canyon County, Idaho",1,Total,"223,499",*****
B01003,05000US16055,"Kootenai County, Idaho",1,Total,"161,505",*****
B01003,05000US16083,"Twin Falls County, Idaho",1,Total,"86,081",*****
B01003,05000US17001,"Adams County, Illinois",1,Total,"65,691",*****
B01003,05000US17019,"Champaign County, Illinois",1,Total,"209,983",*****
B01003,05000US17031,"Cook County, Illinois",1,Total,"5,180,493",*****
B01003,05000US17037,"DeKalb County, Illinois",1,Total,"104,143",*****
B01003,05000US17043,"DuPage County, Illinois",1,Total,"928,589",*****
B01003,05000US17089,"Kane County, Illinois",1,Total,"534,216",*****
B01003,05000US17091,"Kankakee County, Illinois",1,Total,"110,024",*****
B01003,05000US17093,"Kendall County, Illinois",1,Total,"127,915",*****
B01003,05000US17097,"Lake County, Illinois",1,Total,"700,832",*****
B01003,05000US17099,"LaSalle County, Illinois",1,Total,"109,430",*****
B01003,05000US17111,"McHenry County, Illinois",1,Total,"308,570",*****
B01003,05000US17113,"McLean County, Illinois",1,Total,"172,828",*****
B01003,05000US17115,"Macon County, Illinois",1,Total,"104,712",*****
B01003,05000US17119,"Madison County, Illinois",1,Total,"264,461",*****
B01003,05000US17143,"Peoria County, Illinois",1,Total,"180,621",*****
B01003,05000US17161,"Rock Island County, Illinois",1,Total,"143,477",*****
B01003,05000US17163,"St. Clair County, Illinois",1,Total,"261,059",*****
B01003,05000US17167,"Sangamon County, Illinois",1,Total,"195,348",*****
B01003,05000US17179,"Tazewell County, Illinois",1,Total,"132,328",*****
B01003,05000US17183,"Vermilion County, Illinois",1,Total,"76,806",*****
B01003,05000US17197,"Will County, Illinois",1,Total,"692,310",*****
B01003,05000US17199,"Williamson County, Illinois",1,Total,"67,056",*****
B01003,05000US17201,"Winnebago County, Illinois",1,Total,"284,081",*****
B01003,05000US18003,"Allen County, Indiana",1,Total,"375,351",*****
B01003,05000US18005,"Bartholomew County, Indiana",1,Total,"82,753",*****
B01003,05000US18011,"Boone County, Indiana",1,Total,"66,999",*****
B01003,05000US18019,"Clark County, Indiana",1,Total,"117,360",*****
B01003,05000US18035,"Delaware County, Indiana",1,Total,"114,772",*****
B01003,05000US18039,"Elkhart County, Indiana",1,Total,"205,560",*****
B01003,05000US18043,"Floyd County, Indiana",1,Total,"77,781",*****
B01003,05000US18053,"Grant County, Indiana",1,Total,"65,936",*****
B01003,05000US18057,"Hamilton County, Indiana",1,Total,"330,086",*****
B01003,05000US18059,"Hancock County, Indiana",1,Total,"76,351",*****
B01003,05000US18063,"Hendricks County, Indiana",1,Total,"167,009",*****
B01003,05000US18067,"Howard County, Indiana",1,Total,"82,366",*****
B01003,05000US18081,"Johnson County, Indiana",1,Total,"156,225",*****
B01003,05000US18085,"Kosciusko County, Indiana",1,Total,"79,344",*****
B01003,05000US18089,"Lake County, Indiana",1,Total,"484,411",*****
B01003,05000US18091,"LaPorte County, Indiana",1,Total,"110,007",*****
B01003,05000US18095,"Madison County, Indiana",1,Total,"129,641",*****
B01003,05000US18097,"Marion County, Indiana",1,Total,"954,670",*****
B01003,05000US18105,"Monroe County, Indiana",1,Total,"146,917",*****
B01003,05000US18109,"Morgan County, Indiana",1,Total,"70,116",*****
B01003,05000US18127,"Porter County, Indiana",1,Total,"169,594",*****
B01003,05000US18141,"St. Joseph County, Indiana",1,Total,"270,771",*****
B01003,05000US18157,"Tippecanoe County, Indiana",1,Total,"193,048",*****
B01003,05000US18163,"Vanderburgh County, Indiana",1,Total,"180,974",*****
B01003,05000US18167,"Vigo County, Indiana",1,Total,"107,386",*****
B01003,05000US18177,"Wayne County, Indiana",1,Total,"65,936",*****
B01003,05000US19013,"Black Hawk County, Iowa",1,Total,"132,408",*****
B01003,05000US19049,"Dallas County, Iowa",1,Total,"90,180",*****
B01003,05000US19061,"Dubuque County, Iowa",1,Total,"96,854",*****
B01003,05000US19103,"Johnson County, Iowa",1,Total,"151,260",*****
B01003,05000US19113,"Linn County, Iowa",1,Total,"225,909",*****
B01003,05000US19153,"Polk County, Iowa",1,Total,"487,204",*****
B01003,05000US19155,"Pottawattamie County, Iowa",1,Total,"93,533",*****
B01003,05000US19163,"Scott County, Iowa",1,Total,"173,283",*****
B01003,05000US19169,"Story County, Iowa",1,Total,"98,105",*****
B01003,05000US19193,"Woodbury County, Iowa",1,Total,"102,539",*****
B01003,05000US20015,"Butler County, Kansas",1,Total,"66,765",*****
B01003,05000US20045,"Douglas County, Kansas",1,Total,"121,436",*****
B01003,05000US20091,"Johnson County, Kansas",1,Total,"597,555",*****
B01003,05000US20103,"Leavenworth County, Kansas",1,Total,"81,352",*****
B01003,05000US20161,"Riley County, Kansas",1,Total,"73,703",*****
B01003,05000US20173,"Sedgwick County, Kansas",1,Total,"513,607",*****
B01003,05000US20177,"Shawnee County, Kansas",1,Total,"177,499",*****
B01003,05000US20209,"Wyandotte County, Kansas",1,Total,"165,324",*****
B01003,05000US21015,"Boone County, Kentucky",1,Total,"131,533",*****
B01003,05000US21029,"Bullitt County, Kentucky",1,Total,"81,069",*****
B01003,05000US21037,"Campbell County, Kentucky",1,Total,"93,152",*****
B01003,05000US21047,"Christian County, Kentucky",1,Total,"71,671",*****
B01003,05000US21059,"Daviess County, Kentucky",1,Total,"101,104",*****
B01003,05000US21067,"Fayette County, Kentucky",1,Total,"323,780",*****
B01003,05000US21093,"Hardin County, Kentucky",1,Total,"110,356",*****
B01003,05000US21111,"Jefferson County, Kentucky",1,Total,"770,517",*****
B01003,05000US21117,"Kenton County, Kentucky",1,Total,"166,051",*****
B01003,05000US21145,"McCracken County, Kentucky",1,Total,"65,346",*****
B01003,05000US21151,"Madison County, Kentucky",1,Total,"92,368",*****
B01003,05000US21185,"Oldham County, Kentucky",1,Total,"66,470",*****
B01003,05000US21227,"Warren County, Kentucky",1,Total,"131,264",*****
B01003,05000US22005,"Ascension Parish, Louisiana",1,Total,"124,672",*****
B01003,05000US22015,"Bossier Parish, Louisiana",1,Total,"127,185",*****
B01003,05000US22017,"Caddo Parish, Louisiana",1,Total,"242,922",*****
B01003,05000US22019,"Calcasieu Parish, Louisiana",1,Total,"203,112",*****
B01003,05000US22033,"East Baton Rouge Parish, Louisiana",1,Total,"440,956",*****
B01003,05000US22045,"Iberia Parish, Louisiana",1,Total,"70,941",*****
B01003,05000US22051,"Jefferson Parish, Louisiana",1,Total,"434,051",*****
B01003,05000US22055,"Lafayette Parish, Louisiana",1,Total,"242,782",*****
B01003,05000US22057,"Lafourche Parish, Louisiana",1,Total,"98,115",*****
B01003,05000US22063,"Livingston Parish, Louisiana",1,Total,"139,567",*****
B01003,05000US22071,"Orleans Parish, Louisiana",1,Total,"391,006",*****
B01003,05000US22073,"Ouachita Parish, Louisiana",1,Total,"154,475",*****
B01003,05000US22079,"Rapides Parish, Louisiana",1,Total,"130,562",*****
B01003,05000US22097,"St. Landry Parish, Louisiana",1,Total,"82,764",*****
B01003,05000US22103,"St. Tammany Parish, Louisiana",1,Total,"258,111",*****
B01003,05000US22105,"Tangipahoa Parish, Louisiana",1,Total,"133,777",*****
B01003,05000US22109,"Terrebonne Parish, Louisiana",1,Total,"111,021",*****
B01003,05000US23001,"Androscoggin County, Maine",1,Total,"107,679",*****
B01003,05000US23003,"Aroostook County, Maine",1,Total,"67,111",*****
B01003,05000US23005,"Cumberland County, Maine",1,Total,"293,557",*****
B01003,05000US23011,"Kennebec County, Maine",1,Total,"122,083",*****
B01003,05000US23019,"Penobscot County, Maine",1,Total,"151,096",*****
B01003,05000US23031,"York County, Maine",1,Total,"206,229",*****
B01003,05000US24001,"Allegany County, Maryland",1,Total,"70,975",*****
B01003,05000US24003,"Anne Arundel County, Maryland",1,Total,"576,031",*****
B01003,05000US24005,"Baltimore County, Maryland",1,Total,"828,431",*****
B01003,05000US24009,"Calvert County, Maryland",1,Total,"92,003",*****
B01003,05000US24013,"Carroll County, Maryland",1,Total,"168,429",*****
B01003,05000US24015,"Cecil County, Maryland",1,Total,"102,826",*****
B01003,05000US24017,"Charles County, Maryland",1,Total,"161,503",*****
B01003,05000US24021,"Frederick County, Maryland",1,Total,"255,648",*****
B01003,05000US24025,"Harford County, Maryland",1,Total,"253,956",*****
B01003,05000US24027,"Howard County, Maryland",1,Total,"323,196",*****
B01003,05000US24031,"Montgomery County, Maryland",1,Total,"1,052,567",*****
B01003,05000US24033,"Prince George's County, Maryland",1,Total,"909,308",*****
B01003,05000US24037,"St. Mary's County, Maryland",1,Total,"112,664",*****
B01003,05000US24043,"Washington County, Maryland",1,Total,"150,926",*****
B01003,05000US24045,"Wicomico County, Maryland",1,Total,"103,195",*****
B01003,05000US24510,"Baltimore city, Maryland",1,Total,"602,495",*****
B01003,05000US25001,"Barnstable County, Massachusetts",1,Total,"213,413",*****
B01003,05000US25003,"Berkshire County, Massachusetts",1,Total,"126,348",*****
B01003,05000US25005,"Bristol County, Massachusetts",1,Total,"564,022",*****
B01003,05000US25009,"Essex County, Massachusetts",1,Total,"790,638",*****
B01003,05000US25011,"Franklin County, Massachusetts",1,Total,"70,963",*****
B01003,05000US25013,"Hampden County, Massachusetts",1,Total,"470,406",*****
B01003,05000US25015,"Hampshire County, Massachusetts",1,Total,"161,355",*****
B01003,05000US25017,"Middlesex County, Massachusetts",1,Total,"1,614,714",*****
B01003,05000US25021,"Norfolk County, Massachusetts",1,Total,"705,388",*****
B01003,05000US25023,"Plymouth County, Massachusetts",1,Total,"518,132",*****
B01003,05000US25025,"Suffolk County, Massachusetts",1,Total,"807,252",*****
B01003,05000US25027,"Worcester County, Massachusetts",1,Total,"830,839",*****
B01003,05000US26005,"Allegan County, Michigan",1,Total,"117,327",*****
B01003,05000US26017,"Bay County, Michigan",1,Total,"103,923",*****
B01003,05000US26021,"Berrien County, Michigan",1,Total,"154,141",*****
B01003,05000US26025,"Calhoun County, Michigan",1,Total,"134,487",*****
B01003,05000US26037,"Clinton County, Michigan",1,Total,"79,332",*****
B01003,05000US26045,"Eaton County, Michigan",1,Total,"109,826",*****
B01003,05000US26049,"Genesee County, Michigan",1,Total,"406,892",*****
B01003,05000US26055,"Grand Traverse County, Michigan",1,Total,"92,573",*****
B01003,05000US26065,"Ingham County, Michigan",1,Total,"292,735",*****
B01003,05000US26073,"Isabella County, Michigan",1,Total,"70,562",*****
B01003,05000US26075,"Jackson County, Michigan",1,Total,"158,823",*****
B01003,05000US26077,"Kalamazoo County, Michigan",1,Total,"264,870",*****
B01003,05000US26081,"Kent County, Michigan",1,Total,"653,786",*****
B01003,05000US26087,"Lapeer County, Michigan",1,Total,"88,028",*****
B01003,05000US26091,"Lenawee County, Michigan",1,Total,"98,266",*****
B01003,05000US26093,"Livingston County, Michigan",1,Total,"191,224",*****
B01003,05000US26099,"Macomb County, Michigan",1,Total,"874,759",*****
B01003,05000US26103,"Marquette County, Michigan",1,Total,"66,516",*****
B01003,05000US26111,"Midland County, Michigan",1,Total,"83,209",*****
B01003,05000US26115,"Monroe County, Michigan",1,Total,"150,439",*****
B01003,05000US26121,"Muskegon County, Michigan",1,Total,"173,588",*****
B01003,05000US26125,"Oakland County, Michigan",1,Total,"1,259,201",*****
B01003,05000US26139,"Ottawa County, Michigan",1,Total,"290,494",*****
B01003,05000US26145,"Saginaw County, Michigan",1,Total,"190,800",*****
B01003,05000US26147,"St. Clair County, Michigan",1,Total,"159,337",*****
B01003,05000US26155,"Shiawassee County, Michigan",1,Total,"68,192",*****
B01003,05000US26159,"Van Buren County, Michigan",1,Total,"75,448",*****
B01003,05000US26161,"Washtenaw County, Michigan",1,Total,"370,963",*****
B01003,05000US26163,"Wayne County, Michigan",1,Total,"1,753,893",*****
B01003,05000US27003,"Anoka County, Minnesota",1,Total,"353,813",*****
B01003,05000US27013,"Blue Earth County, Minnesota",1,Total,"67,427",*****
B01003,05000US27019,"Carver County, Minnesota",1,Total,"103,551",*****
B01003,05000US27037,"Dakota County, Minnesota",1,Total,"425,423",*****
B01003,05000US27053,"Hennepin County, Minnesota",1,Total,"1,259,428",*****
B01003,05000US27109,"Olmsted County, Minnesota",1,Total,"156,277",*****
B01003,05000US27123,"Ramsey County, Minnesota",1,Total,"550,210",*****
B01003,05000US27131,"Rice County, Minnesota",1,Total,"66,523",*****
B01003,05000US27137,"St. Louis County, Minnesota",1,Total,"199,754",*****
B01003,05000US27139,"Scott County, Minnesota",1,Total,"147,381",*****
B01003,05000US27141,"Sherburne County, Minnesota",1,Total,"96,036",*****
B01003,05000US27145,"Stearns County, Minnesota",1,Total,"159,256",*****
B01003,05000US27163,"Washington County, Minnesota",1,Total,"259,201",*****
B01003,05000US27171,"Wright County, Minnesota",1,Total,"136,349",*****
B01003,05000US28033,"DeSoto County, Mississippi",1,Total,"182,001",*****
B01003,05000US28035,"Forrest County, Mississippi",1,Total,"75,036",*****
B01003,05000US28047,"Harrison County, Mississippi",1,Total,"206,650",*****
B01003,05000US28049,"Hinds County, Mississippi",1,Total,"237,085",*****
B01003,05000US28059,"Jackson County, Mississippi",1,Total,"143,277",*****
B01003,05000US28067,"Jones County, Mississippi",1,Total,"68,461",*****
B01003,05000US28075,"Lauderdale County, Mississippi",1,Total,"75,317",*****
B01003,05000US28081,"Lee County, Mississippi",1,Total,"85,202",*****
B01003,05000US28089,"Madison County, Mississippi",1,Total,"105,630",*****
B01003,05000US28121,"Rankin County, Mississippi",1,Total,"153,902",*****
B01003,05000US29019,"Boone County, Missouri",1,Total,"180,005",*****
B01003,05000US29021,"Buchanan County, Missouri",1,Total,"88,571",*****
B01003,05000US29031,"Cape Girardeau County, Missouri",1,Total,"78,753",*****
B01003,05000US29037,"Cass County, Missouri",1,Total,"104,954",*****
B01003,05000US29043,"Christian County, Missouri",1,Total,"86,983",*****
B01003,05000US29047,"Clay County, Missouri",1,Total,"246,365",*****
B01003,05000US29051,"Cole County, Missouri",1,Total,"76,796",*****
B01003,05000US29071,"Franklin County, Missouri",1,Total,"103,670",*****
B01003,05000US29077,"Greene County, Missouri",1,Total,"291,923",*****
B01003,05000US29095,"Jackson County, Missouri",1,Total,"700,307",*****
B01003,05000US29097,"Jasper County, Missouri",1,Total,"120,636",*****
B01003,05000US29099,"Jefferson County, Missouri",1,Total,"224,347",*****
B01003,05000US29165,"Platte County, Missouri",1,Total,"102,985",*****
B01003,05000US29183,"St. Charles County, Missouri",1,Total,"399,182",*****
B01003,05000US29187,"St. Francois County, Missouri",1,Total,"66,692",*****
B01003,05000US29189,"St. Louis County, Missouri",1,Total,"996,945",*****
B01003,05000US29510,"St. Louis city, Missouri",1,Total,"302,838",*****
B01003,05000US30013,"Cascade County, Montana",1,Total,"81,643",*****
B01003,05000US30029,"Flathead County, Montana",1,Total,"102,106",*****
B01003,05000US30031,"Gallatin County, Montana",1,Total,"111,876",*****
B01003,05000US30049,"Lewis and Clark County, Montana",1,Total,"68,700",*****
B01003,05000US30063,"Missoula County, Montana",1,Total,"118,791",*****
B01003,05000US30111,"Yellowstone County, Montana",1,Total,"160,137",*****
B01003,05000US31055,"Douglas County, Nebraska",1,Total,"566,880",*****
B01003,05000US31109,"Lancaster County, Nebraska",1,Total,"317,272",*****
B01003,05000US31153,"Sarpy County, Nebraska",1,Total,"184,459",*****
B01003,05000US32003,"Clark County, Nevada",1,Total,"2,231,647",*****
B01003,05000US32031,"Washoe County, Nevada",1,Total,"465,735",*****
B01003,05000US33005,"Cheshire County, New Hampshire",1,Total,"76,493",*****
B01003,05000US33009,"Grafton County, New Hampshire",1,Total,"89,786",*****
B01003,05000US33011,"Hillsborough County, New Hampshire",1,Total,"415,247",*****
B01003,05000US33013,"Merrimack County, New Hampshire",1,Total,"151,132",*****
B01003,05000US33015,"Rockingham County, New Hampshire",1,Total,"309,176",*****
B01003,05000US33017,"Strafford County, New Hampshire",1,Total,"130,090",*****
B01003,05000US34001,"Atlantic County, New Jersey",1,Total,"265,429",*****
B01003,05000US34003,"Bergen County, New Jersey",1,Total,"936,692",*****
B01003,05000US34005,"Burlington County, New Jersey",1,Total,"445,384",*****
B01003,05000US34007,"Camden County, New Jersey",1,Total,"507,078",*****
B01003,05000US34009,"Cape May County, New Jersey",1,Total,"92,560",*****
B01003,05000US34011,"Cumberland County, New Jersey",1,Total,"150,972",*****
B01003,05000US34013,"Essex County, New Jersey",1,Total,"799,767",*****
B01003,05000US34015,"Gloucester County, New Jersey",1,Total,"291,408",*****
B01003,05000US34017,"Hudson County, New Jersey",1,Total,"676,061",*****
B01003,05000US34019,"Hunterdon County, New Jersey",1,Total,"124,714",*****
B01003,05000US34021,"Mercer County, New Jersey",1,Total,"369,811",*****
B01003,05000US34023,"Middlesex County, New Jersey",1,Total,"829,685",*****
B01003,05000US34025,"Monmouth County, New Jersey",1,Total,"621,354",*****
B01003,05000US34027,"Morris County, New Jersey",1,Total,"494,228",*****
B01003,05000US34029,"Ocean County, New Jersey",1,Total,"601,651",*****
B01003,05000US34031,"Passaic County, New Jersey",1,Total,"503,310",*****
B01003,05000US34033,"Salem County, New Jersey",1,Total,"62,607",*****
B01003,05000US34035,"Somerset County, New Jersey",1,Total,"331,164",*****
B01003,05000US34037,"Sussex County, New Jersey",1,Total,"140,799",*****
B01003,05000US34039,"Union County, New Jersey",1,Total,"558,067",*****
B01003,05000US34041,"Warren County, New Jersey",1,Total,"105,779",*****
B01003,05000US35001,"Bernalillo County, New Mexico",1,Total,"678,701",*****
B01003,05000US35005,"Chaves County, New Mexico",1,Total,"64,689",*****
B01003,05000US35013,"Doña Ana County, New Mexico",1,Total,"217,522",*****
B01003,05000US35025,"Lea County, New Mexico",1,Total,"69,611",*****
B01003,05000US35031,"McKinley County, New Mexico",1,Total,"72,290",*****
B01003,05000US35035,"Otero County, New Mexico",1,Total,"66,781",*****
B01003,05000US35043,"Sandoval County, New Mexico",1,Total,"145,179",*****
B01003,05000US35045,"San Juan County, New Mexico",1,Total,"125,043",*****
B01003,05000US35049,"Santa Fe County, New Mexico",1,Total,"150,056",*****
B01003,05000US35061,"Valencia County, New Mexico",1,Total,"76,456",*****
B01003,05000US36001,"Albany County, New York",1,Total,"307,117",*****
B01003,05000US36005,"Bronx County, New York",1,Total,"1,432,132",*****
B01003,05000US36007,"Broome County, New York",1,Total,"191,659",*****
B01003,05000US36009,"Cattaraugus County, New York",1,Total,"76,840",*****
B01003,05000US36011,"Cayuga County, New York",1,Total,"77,145",*****
B01003,05000US36013,"Chautauqua County, New York",1,Total,"127,939",*****
B01003,05000US36015,"Chemung County, New York",1,Total,"84,254",*****
B01003,05000US36019,"Clinton County, New York",1,Total,"80,695",*****
B01003,05000US36027,"Dutchess County, New York",1,Total,"293,718",*****
B01003,05000US36029,"Erie County, New York",1,Total,"919,719",*****
B01003,05000US36045,"Jefferson County, New York",1,Total,"111,755",*****
B01003,05000US36047,"Kings County, New York",1,Total,"2,582,830",*****
B01003,05000US36051,"Livingston County, New York",1,Total,"63,227",*****
B01003,05000US36053,"Madison County, New York",1,Total,"70,795",*****
B01003,05000US36055,"Monroe County, New York",1,Total,"742,474",*****
B01003,05000US36059,"Nassau County, New York",1,Total,"1,358,343",*****
B01003,05000US36061,"New York County, New York",1,Total,"1,628,701",*****
B01003,05000US36063,"Niagara County, New York",1,Total,"210,433",*****
B01003,05000US36065,"Oneida County, New York",1,Total,"229,577",*****
B01003,05000US36067,"Onondaga County, New York",1,Total,"461,809",*****
B01003,05000US36069,"Ontario County, New York",1,Total,"109,864",*****
B01003,05000US36071,"Orange County, New York",1,Total,"381,951",*****
B01003,05000US36075,"Oswego County, New York",1,Total,"117,898",*****
B01003,05000US36079,"Putnam County, New York",1,Total,"98,892",*****
B01003,05000US36081,"Queens County, New York",1,Total,"2,278,906",*****
B01003,05000US36083,"Rensselaer County, New York",1,Total,"159,442",*****
B01003,05000US36085,"Richmond County, New York",1,Total,"476,179",*****
B01003,05000US36087,"Rockland County, New York",1,Total,"325,695",*****
B01003,05000US36089,"St. Lawrence County, New York",1,Total,"108,047",*****
B01003,05000US36091,"Saratoga County, New York",1,Total,"230,163",*****
B01003,05000US36093,"Schenectady County, New York",1,Total,"155,350",*****
B01003,05000US36101,"Steuben County, New York",1,Total,"95,796",*****
B01003,05000US36103,"Suffolk County, New York",1,Total,"1,481,093",*****
B01003,05000US36105,"Sullivan County, New York",1,Total,"75,498",*****
B01003,05000US36109,"Tompkins County, New York",1,Total,"102,793",*****
B01003,05000US36111,"Ulster County, New York",1,Total,"178,599",*****
B01003,05000US36113,"Warren County, New York",1,Total,"64,265",*****
B01003,05000US36117,"Wayne County, New York",1,Total,"90,064",*****
B01003,05000US36119,"Westchester County, New York",1,Total,"967,612",*****
B01003,05000US37001,"Alamance County, North Carolina",1,Total,"166,436",*****
B01003,05000US37019,"Brunswick County, North Carolina",1,Total,"136,744",*****
B01003,05000US37021,"Buncombe County, North Carolina",1,Total,"259,103",*****
B01003,05000US37023,"Burke County, North Carolina",1,Total,"90,382",*****
B01003,05000US37025,"Cabarrus County, North Carolina",1,Total,"211,342",*****
B01003,05000US37027,"Caldwell County, North Carolina",1,Total,"82,029",*****
B01003,05000US37031,"Carteret County, North Carolina",1,Total,"69,524",*****
B01003,05000US37035,"Catawba County, North Carolina",1,Total,"158,652",*****
B01003,05000US37037,"Chatham County, North Carolina",1,Total,"73,139",*****
B01003,05000US37045,"Cleveland County, North Carolina",1,Total,"97,645",*****
B01003,05000US37049,"Craven County, North Carolina",1,Total,"102,912",*****
B01003,05000US37051,"Cumberland County, North Carolina",1,Total,"332,330",*****
B01003,05000US37057,"Davidson County, North Carolina",1,Total,"166,614",*****
B01003,05000US37063,"Durham County, North Carolina",1,Total,"316,739",*****
B01003,05000US37067,"Forsyth County, North Carolina",1,Total,"379,099",*****
B01003,05000US37069,"Franklin County, North Carolina",1,Total,"67,560",*****
B01003,05000US37071,"Gaston County, North Carolina",1,Total,"222,846",*****
B01003,05000US37081,"Guilford County, North Carolina",1,Total,"533,670",*****
B01003,05000US37085,"Harnett County, North Carolina",1,Total,"134,214",*****
B01003,05000US37089,"Henderson County, North Carolina",1,Total,"116,748",*****
B01003,05000US37097,"Iredell County, North Carolina",1,Total,"178,435",*****
B01003,05000US37101,"Johnston County, North Carolina",1,Total,"202,675",*****
B01003,05000US37109,"Lincoln County, North Carolina",1,Total,"83,770",*****
B01003,05000US37119,"Mecklenburg County, North Carolina",1,Total,"1,093,901",*****
B01003,05000US37125,"Moore County, North Carolina",1,Total,"98,682",*****
B01003,05000US37127,"Nash County, North Carolina",1,Total,"94,016",*****
B01003,05000US37129,"New Hanover County, North Carolina",1,Total,"232,274",*****
B01003,05000US37133,"Onslow County, North Carolina",1,Total,"197,683",*****
B01003,05000US37135,"Orange County, North Carolina",1,Total,"146,027",*****
B01003,05000US37147,"Pitt County, North Carolina",1,Total,"179,914",*****
B01003,05000US37151,"Randolph County, North Carolina",1,Total,"143,351",*****
B01003,05000US37155,"Robeson County, North Carolina",1,Total,"131,831",*****
B01003,05000US37157,"Rockingham County, North Carolina",1,Total,"90,690",*****
B01003,05000US37159,"Rowan County, North Carolina",1,Total,"141,262",*****
B01003,05000US37161,"Rutherford County, North Carolina",1,Total,"66,826",*****
B01003,05000US37171,"Surry County, North Carolina",1,Total,"71,948",*****
B01003,05000US37179,"Union County, North Carolina",1,Total,"235,908",*****
B01003,05000US37183,"Wake County, North Carolina",1,Total,"1,092,305",*****
B01003,05000US37191,"Wayne County, North Carolina",1,Total,"123,248",*****
B01003,05000US37193,"Wilkes County, North Carolina",1,Total,"68,557",*****
B01003,05000US37195,"Wilson County, North Carolina",1,Total,"81,455",*****
B01003,05000US38015,"Burleigh County, North Dakota",1,Total,"95,273",*****
B01003,05000US38017,"Cass County, North Dakota",1,Total,"181,516",*****
B01003,05000US38035,"Grand Forks County, North Dakota",1,Total,"70,770",*****
B01003,05000US38101,"Ward County, North Dakota",1,Total,"67,744",*****
B01003,05000US39003,"Allen County, Ohio",1,Total,"102,663",*****
B01003,05000US39007,"Ashtabula County, Ohio",1,Total,"97,493",*****
B01003,05000US39009,"Athens County, Ohio",1,Total,"65,818",*****
B01003,05000US39013,"Belmont County, Ohio",1,Total,"67,505",*****
B01003,05000US39017,"Butler County, Ohio",1,Total,"382,378",*****
B01003,05000US39023,"Clark County, Ohio",1,Total,"134,585",*****
B01003,05000US39025,"Clermont County, Ohio",1,Total,"205,466",*****
B01003,05000US39029,"Columbiana County, Ohio",1,Total,"102,665",*****
B01003,05000US39035,"Cuyahoga County, Ohio",1,Total,"1,243,857",*****
B01003,05000US39041,"Delaware County, Ohio",1,Total,"204,826",*****
B01003,05000US39043,"Erie County, Ohio",1,Total,"74,615",*****
B01003,05000US39045,"Fairfield County, Ohio",1,Total,"155,782",*****
B01003,05000US39049,"Franklin County, Ohio",1,Total,"1,310,300",*****
B01003,05000US39055,"Geauga County, Ohio",1,Total,"94,031",*****
B01003,05000US39057,"Greene County, Ohio",1,Total,"167,995",*****
B01003,05000US39061,"Hamilton County, Ohio",1,Total,"816,684",*****
B01003,05000US39063,"Hancock County, Ohio",1,Total,"75,930",*****
B01003,05000US39081,"Jefferson County, Ohio",1,Total,"65,767",*****
B01003,05000US39085,"Lake County, Ohio",1,Total,"230,514",*****
B01003,05000US39089,"Licking County, Ohio",1,Total,"175,769",*****
B01003,05000US39093,"Lorain County, Ohio",1,Total,"309,461",*****
B01003,05000US39095,"Lucas County, Ohio",1,Total,"429,899",*****
B01003,05000US39099,"Mahoning County, Ohio",1,Total,"229,642",*****
B01003,05000US39101,"Marion County, Ohio",1,Total,"65,256",*****
B01003,05000US39103,"Medina County, Ohio",1,Total,"179,146",*****
B01003,05000US39109,"Miami County, Ohio",1,Total,"106,222",*****
B01003,05000US39113,"Montgomery County, Ohio",1,Total,"532,331",*****
B01003,05000US39119,"Muskingum County, Ohio",1,Total,"86,183",*****
B01003,05000US39133,"Portage County, Ohio",1,Total,"162,927",*****
B01003,05000US39139,"Richland County, Ohio",1,Total,"121,099",*****
B01003,05000US39141,"Ross County, Ohio",1,Total,"76,931",*****
B01003,05000US39145,"Scioto County, Ohio",1,Total,"75,502",*****
B01003,05000US39151,"Stark County, Ohio",1,Total,"371,574",*****
B01003,05000US39153,"Summit County, Ohio",1,Total,"541,918",*****
B01003,05000US39155,"Trumbull County, Ohio",1,Total,"198,627",*****
B01003,05000US39157,"Tuscarawas County, Ohio",1,Total,"92,176",*****
B01003,05000US39165,"Warren County, Ohio",1,Total,"232,173",*****
B01003,05000US39169,"Wayne County, Ohio",1,Total,"115,967",*****
B01003,05000US39173,"Wood County, Ohio",1,Total,"130,696",*****
B01003,05000US40017,"Canadian County, Oklahoma",1,Total,"144,447",*****
B01003,05000US40027,"Cleveland County, Oklahoma",1,Total,"281,669",*****
B01003,05000US40031,"Comanche County, Oklahoma",1,Total,"120,422",*****
B01003,05000US40037,"Creek County, Oklahoma",1,Total,"71,604",*****
B01003,05000US40101,"Muskogee County, Oklahoma",1,Total,"68,362",*****
B01003,05000US40109,"Oklahoma County, Oklahoma",1,Total,"792,582",*****
B01003,05000US40119,"Payne County, Oklahoma",1,Total,"82,040",*****
B01003,05000US40125,"Pottawatomie County, Oklahoma",1,Total,"72,679",*****
B01003,05000US40131,"Rogers County, Oklahoma",1,Total,"91,984",*****
B01003,05000US40143,"Tulsa County, Oklahoma",1,Total,"648,360",*****
B01003,05000US40145,"Wagoner County, Oklahoma",1,Total,"80,110",*****
B01003,05000US41003,"Benton County, Oregon",1,Total,"92,101",*****
B01003,05000US41005,"Clackamas County, Oregon",1,Total,"416,075",*****
B01003,05000US41017,"Deschutes County, Oregon",1,Total,"191,996",*****
B01003,05000US41019,"Douglas County, Oregon",1,Total,"110,283",*****
B01003,05000US41029,"Jackson County, Oregon",1,Total,"219,564",*****
B01003,05000US41033,"Josephine County, Oregon",1,Total,"87,393",*****
B01003,05000US41035,"Klamath County, Oregon",1,Total,"67,653",*****
B01003,05000US41039,"Lane County, Oregon",1,Total,"379,611",*****
B01003,05000US41043,"Linn County, Oregon",1,Total,"127,335",*****
B01003,05000US41047,"Marion County, Oregon",1,Total,"346,868",*****
B01003,05000US41051,"Multnomah County, Oregon",1,Total,"811,880",*****
B01003,05000US41053,"Polk County, Oregon",1,Total,"85,234",*****
B01003,05000US41059,"Umatilla County, Oregon",1,Total,"77,516",*****
B01003,05000US41067,"Washington County, Oregon",1,Total,"597,695",*****
B01003,05000US41071,"Yamhill County, Oregon",1,Total,"107,002",*****
B01003,05000US42001,"Adams County, Pennsylvania",1,Total,"102,811",*****
B01003,05000US42003,"Allegheny County, Pennsylvania",1,Total,"1,218,452",*****
B01003,05000US42005,"Armstrong County, Pennsylvania",1,Total,"65,263",*****
B01003,05000US42007,"Beaver County, Pennsylvania",1,Total,"164,742",*****
B01003,05000US42011,"Berks County, Pennsylvania",1,Total,"420,152",*****
B01003,05000US42013,"Blair County, Pennsylvania",1,Total,"122,492",*****
B01003,05000US42017,"Bucks County, Pennsylvania",1,Total,"628,195",*****
B01003,05000US42019,"Butler County, Pennsylvania",1,Total,"187,888",*****
B01003,05000US42021,"Cambria County, Pennsylvania",1,Total,"131,730",*****
B01003,05000US42025,"Carbon County, Pennsylvania",1,Total,"64,227",*****
B01003,05000US42027,"Centre County, Pennsylvania",1,Total,"162,805",*****
B01003,05000US42029,"Chester County, Pennsylvania",1,Total,"522,046",*****
B01003,05000US42033,"Clearfield County, Pennsylvania",1,Total,"79,388",*****
B01003,05000US42037,"Columbia County, Pennsylvania",1,Total,"65,456",*****
B01003,05000US42039,"Crawford County, Pennsylvania",1,Total,"85,063",*****
B01003,05000US42041,"Cumberland County, Pennsylvania",1,Total,"251,423",*****
B01003,05000US42043,"Dauphin County, Pennsylvania",1,Total,"277,097",*****
B01003,05000US42045,"Delaware County, Pennsylvania",1,Total,"564,751",*****
B01003,05000US42049,"Erie County, Pennsylvania",1,Total,"272,061",*****
B01003,05000US42051,"Fayette County, Pennsylvania",1,Total,"130,441",*****
B01003,05000US42055,"Franklin County, Pennsylvania",1,Total,"154,835",*****
B01003,05000US42063,"Indiana County, Pennsylvania",1,Total,"84,501",*****
B01003,05000US42069,"Lackawanna County, Pennsylvania",1,Total,"210,793",*****
B01003,05000US42071,"Lancaster County, Pennsylvania",1,Total,"543,557",*****
B01003,05000US42073,"Lawrence County, Pennsylvania",1,Total,"86,184",*****
B01003,05000US42075,"Lebanon County, Pennsylvania",1,Total,"141,314",*****
B01003,05000US42077,"Lehigh County, Pennsylvania",1,Total,"368,100",*****
B01003,05000US42079,"Luzerne County, Pennsylvania",1,Total,"317,646",*****
B01003,05000US42081,"Lycoming County, Pennsylvania",1,Total,"113,664",*****
B01003,05000US42085,"Mercer County, Pennsylvania",1,Total,"110,683",*****
B01003,05000US42089,"Monroe County, Pennsylvania",1,Total,"169,507",*****
B01003,05000US42091,"Montgomery County, Pennsylvania",1,Total,"828,604",*****
B01003,05000US42095,"Northampton County, Pennsylvania",1,Total,"304,807",*****
B01003,05000US42097,"Northumberland County, Pennsylvania",1,Total,"91,083",*****
B01003,05000US42101,"Philadelphia County, Pennsylvania",1,Total,"1,584,138",*****
B01003,05000US42107,"Schuylkill County, Pennsylvania",1,Total,"142,067",*****
B01003,05000US42111,"Somerset County, Pennsylvania",1,Total,"73,952",*****
B01003,05000US42125,"Washington County, Pennsylvania",1,Total,"207,346",*****
B01003,05000US42129,"Westmoreland County, Pennsylvania",1,Total,"350,611",*****
B01003,05000US42133,"York County, Pennsylvania",1,Total,"448,273",*****
B01003,05000US44003,"Kent County, Rhode Island",1,Total,"163,861",*****
B01003,05000US44005,"Newport County, Rhode Island",1,Total,"82,542",*****
B01003,05000US44007,"Providence County, Rhode Island",1,Total,"636,084",*****
B01003,05000US44009,"Washington County, Rhode Island",1,Total,"126,179",*****
B01003,05000US45003,"Aiken County, South Carolina",1,Total,"169,401",*****
B01003,05000US45007,"Anderson County, South Carolina",1,Total,"200,482",*****
B01003,05000US45013,"Beaufort County, South Carolina",1,Total,"188,715",*****
B01003,05000US45015,"Berkeley County, South Carolina",1,Total,"221,091",*****
B01003,05000US45019,"Charleston County, South Carolina",1,Total,"405,905",*****
B01003,05000US45031,"Darlington County, South Carolina",1,Total,"66,802",*****
B01003,05000US45035,"Dorchester County, South Carolina",1,Total,"160,647",*****
B01003,05000US45041,"Florence County, South Carolina",1,Total,"138,159",*****
B01003,05000US45045,"Greenville County, South Carolina",1,Total,"514,213",*****
B01003,05000US45047,"Greenwood County, South Carolina",1,Total,"70,741",*****
B01003,05000US45051,"Horry County, South Carolina",1,Total,"344,147",*****
B01003,05000US45055,"Kershaw County, South Carolina",1,Total,"65,592",*****
B01003,05000US45057,"Lancaster County, South Carolina",1,Total,"95,380",*****
B01003,05000US45059,"Laurens County, South Carolina",1,Total,"66,994",*****
B01003,05000US45063,"Lexington County, South Carolina",1,Total,"295,032",*****
B01003,05000US45073,"Oconee County, South Carolina",1,Total,"78,374",*****
B01003,05000US45075,"Orangeburg County, South Carolina",1,Total,"86,934",*****
B01003,05000US45077,"Pickens County, South Carolina",1,Total,"124,937",*****
B01003,05000US45079,"Richland County, South Carolina",1,Total,"414,576",*****
B01003,05000US45083,"Spartanburg County, South Carolina",1,Total,"313,888",*****
B01003,05000US45085,"Sumter County, South Carolina",1,Total,"106,512",*****
B01003,05000US45091,"York County, South Carolina",1,Total,"274,118",*****
B01003,05000US46099,"Minnehaha County, South Dakota",1,Total,"192,876",*****
B01003,05000US46103,"Pennington County, South Dakota",1,Total,"111,729",*****
B01003,05000US47001,"Anderson County, Tennessee",1,Total,"76,482",*****
B01003,05000US47009,"Blount County, Tennessee",1,Total,"131,349",*****
B01003,05000US47011,"Bradley County, Tennessee",1,Total,"106,727",*****
B01003,05000US47037,"Davidson County, Tennessee",1,Total,"692,587",*****
B01003,05000US47059,"Greene County, Tennessee",1,Total,"69,087",*****
B01003,05000US47065,"Hamilton County, Tennessee",1,Total,"364,286",*****
B01003,05000US47093,"Knox County, Tennessee",1,Total,"465,289",*****
B01003,05000US47113,"Madison County, Tennessee",1,Total,"97,605",*****
B01003,05000US47119,"Maury County, Tennessee",1,Total,"94,340",*****
B01003,05000US47125,"Montgomery County, Tennessee",1,Total,"205,950",*****
B01003,05000US47141,"Putnam County, Tennessee",1,Total,"78,843",*****
B01003,05000US47147,"Robertson County, Tennessee",1,Total,"71,012",*****
B01003,05000US47149,"Rutherford County, Tennessee",1,Total,"324,890",*****
B01003,05000US47155,"Sevier County, Tennessee",1,Total,"97,892",*****
B01003,05000US47157,"Shelby County, Tennessee",1,Total,"935,764",*****
B01003,05000US47163,"Sullivan County, Tennessee",1,Total,"157,668",*****
B01003,05000US47165,"Sumner County, Tennessee",1,Total,"187,149",*****
B01003,05000US47179,"Washington County, Tennessee",1,Total,"128,607",*****
B01003,05000US47187,"Williamson County, Tennessee",1,Total,"231,729",*****
B01003,05000US47189,"Wilson County, Tennessee",1,Total,"140,625",*****
B01003,05000US48005,"Angelina County, Texas",1,Total,"87,092",*****
B01003,05000US48021,"Bastrop County, Texas",1,Total,"86,976",*****
B01003,05000US48027,"Bell County, Texas",1,Total,"355,642",*****
B01003,05000US48029,"Bexar County, Texas",1,Total,"1,986,049",*****
B01003,05000US48037,"Bowie County, Texas",1,Total,"94,324",*****
B01003,05000US48039,"Brazoria County, Texas",1,Total,"370,200",*****
B01003,05000US48041,"Brazos County, Texas",1,Total,"226,758",*****
B01003,05000US48061,"Cameron County, Texas",1,Total,"423,908",*****
B01003,05000US48085,"Collin County, Texas",1,Total,"1,005,146",*****
B01003,05000US48091,"Comal County, Texas",1,Total,"148,373",*****
B01003,05000US48099,"Coryell County, Texas",1,Total,"74,808",*****
B01003,05000US48113,"Dallas County, Texas",1,Total,"2,637,772",*****
B01003,05000US48121,"Denton County, Texas",1,Total,"859,064",*****
B01003,05000US48135,"Ector County, Texas",1,Total,"162,124",*****
B01003,05000US48139,"Ellis County, Texas",1,Total,"179,436",*****
B01003,05000US48141,"El Paso County, Texas",1,Total,"840,758",*****
B01003,05000US48157,"Fort Bend County, Texas",1,Total,"787,858",*****
B01003,05000US48167,"Galveston County, Texas",1,Total,"337,890",*****
B01003,05000US48181,"Grayson County, Texas",1,Total,"133,991",*****
B01003,05000US48183,"Gregg County, Texas",1,Total,"123,707",*****
B01003,05000US48187,"Guadalupe County, Texas",1,Total,"163,694",*****
B01003,05000US48201,"Harris County, Texas",1,Total,"4,698,619",*****
B01003,05000US48203,"Harrison County, Texas",1,Total,"66,726",*****
B01003,05000US48209,"Hays County, Texas",1,Total,"222,631",*****
B01003,05000US48213,"Henderson County, Texas",1,Total,"82,299",*****
B01003,05000US48215,"Hidalgo County, Texas",1,Total,"865,939",*****
B01003,05000US48231,"Hunt County, Texas",1,Total,"96,493",*****
B01003,05000US48245,"Jefferson County, Texas",1,Total,"255,001",*****
B01003,05000US48251,"Johnson County, Texas",1,Total,"171,361",*****
B01003,05000US48257,"Kaufman County, Texas",1,Total,"128,622",*****
B01003,05000US48291,"Liberty County, Texas",1,Total,"86,323",*****
B01003,05000US48303,"Lubbock County, Texas",1,Total,"307,412",*****
B01003,05000US48309,"McLennan County, Texas",1,Total,"254,607",*****
B01003,05000US48329,"Midland County, Texas",1,Total,"172,578",*****
B01003,05000US48339,"Montgomery County, Texas",1,Total,"590,925",*****
B01003,05000US48347,"Nacogdoches County, Texas",1,Total,"65,711",*****
B01003,05000US48355,"Nueces County, Texas",1,Total,"362,265",*****
B01003,05000US48361,"Orange County, Texas",1,Total,"83,572",*****
B01003,05000US48367,"Parker County, Texas",1,Total,"138,371",*****
B01003,05000US48375,"Potter County, Texas",1,Total,"119,648",*****
B01003,05000US48381,"Randall County, Texas",1,Total,"136,271",*****
B01003,05000US48397,"Rockwall County, Texas",1,Total,"100,657",*****
B01003,05000US48409,"San Patricio County, Texas",1,Total,"66,893",*****
B01003,05000US48423,"Smith County, Texas",1,Total,"230,221",*****
B01003,05000US48439,"Tarrant County, Texas",1,Total,"2,084,931",*****
B01003,05000US48441,"Taylor County, Texas",1,Total,"137,640",*****
B01003,05000US48451,"Tom Green County, Texas",1,Total,"118,189",*****
B01003,05000US48453,"Travis County, Texas",1,Total,"1,248,743",*****
B01003,05000US48469,"Victoria County, Texas",1,Total,"92,035",*****
B01003,05000US48471,"Walker County, Texas",1,Total,"72,480",*****
B01003,05000US48479,"Webb County, Texas",1,Total,"275,910",*****
B01003,05000US48485,"Wichita County, Texas",1,Total,"132,064",*****
B01003,05000US48491,"Williamson County, Texas",1,Total,"566,719",*****
B01003,05000US48497,"Wise County, Texas",1,Total,"68,305",*****
B01003,05000US49005,"Cache County, Utah",1,Total,"127,068",*****
B01003,05000US49011,"Davis County, Utah",1,Total,"351,713",*****
B01003,05000US49035,"Salt Lake County, Utah",1,Total,"1,152,633",*****
B01003,05000US49045,"Tooele County, Utah",1,Total,"69,907",*****
B01003,05000US49049,"Utah County, Utah",1,Total,"622,213",*****
B01003,05000US49053,"Washington County, Utah",1,Total,"171,700",*****
B01003,05000US49057,"Weber County, Utah",1,Total,"256,359",*****
B01003,05000US50007,"Chittenden County, Vermont",1,Total,"164,572",*****
B01003,05000US51003,"Albemarle County, Virginia",1,Total,"108,718",*****
B01003,05000US51013,"Arlington County, Virginia",1,Total,"237,521",*****
B01003,05000US51015,"Augusta County, Virginia",1,Total,"75,457",*****
B01003,05000US51019,"Bedford County, Virginia",1,Total,"78,747",*****
B01003,05000US51041,"Chesterfield County, Virginia",1,Total,"348,556",*****
B01003,05000US51059,"Fairfax County, Virginia",1,Total,"1,150,795",*****
B01003,05000US51061,"Fauquier County, Virginia",1,Total,"70,675",*****
B01003,05000US51069,"Frederick County, Virginia",1,Total,"88,355",*****
B01003,05000US51085,"Hanover County, Virginia",1,Total,"107,239",*****
B01003,05000US51087,"Henrico County, Virginia",1,Total,"329,261",*****
B01003,05000US51095,"James City County, Virginia",1,Total,"76,397",*****
B01003,05000US51107,"Loudoun County, Virginia",1,Total,"406,850",*****
B01003,05000US51121,"Montgomery County, Virginia",1,Total,"98,985",*****
B01003,05000US51153,"Prince William County, Virginia",1,Total,"468,011",*****
B01003,05000US51161,"Roanoke County, Virginia",1,Total,"94,073",*****
B01003,05000US51165,"Rockingham County, Virginia",1,Total,"81,244",*****
B01003,05000US51177,"Spotsylvania County, Virginia",1,Total,"134,238",*****
B01003,05000US51179,"Stafford County, Virginia",1,Total,"149,960",*****
B01003,05000US51199,"York County, Virginia",1,Total,"67,846",*****
B01003,05000US51510,"Alexandria city, Virginia",1,Total,"160,530",*****
B01003,05000US51550,"Chesapeake city, Virginia",1,Total,"242,634",*****
B01003,05000US51650,"Hampton city, Virginia",1,Total,"134,313",*****
B01003,05000US51680,"Lynchburg city, Virginia",1,Total,"82,126",*****
B01003,05000US51700,"Newport News city, Virginia",1,Total,"178,626",*****
B01003,05000US51710,"Norfolk city, Virginia",1,Total,"244,076",*****
B01003,05000US51740,"Portsmouth city, Virginia",1,Total,"94,632",*****
B01003,05000US51760,"Richmond city, Virginia",1,Total,"228,783",*****
B01003,05000US51770,"Roanoke city, Virginia",1,Total,"99,920",*****
B01003,05000US51800,"Suffolk city, Virginia",1,Total,"91,185",*****
B01003,05000US51810,"Virginia Beach city, Virginia",1,Total,"450,189",*****
B01003,05000US53005,"Benton County, Washington",1,Total,"201,877",*****
B01003,05000US53007,"Chelan County, Washington",1,Total,"77,036",*****
B01003,05000US53009,"Clallam County, Washington",1,Total,"76,737",*****
B01003,05000US53011,"Clark County, Washington",1,Total,"481,857",*****
B01003,05000US53015,"Cowlitz County, Washington",1,Total,"108,987",*****
B01003,05000US53021,"Franklin County, Washington",1,Total,"94,347",*****
B01003,05000US53025,"Grant County, Washington",1,Total,"97,331",*****
B01003,05000US53027,"Grays Harbor County, Washington",1,Total,"73,901",*****
B01003,05000US53029,"Island County, Washington",1,Total,"84,460",*****
B01003,05000US53033,"King County, Washington",1,Total,"2,233,163",*****
B01003,05000US53035,"Kitsap County, Washington",1,Total,"269,805",*****
B01003,05000US53041,"Lewis County, Washington",1,Total,"79,604",*****
B01003,05000US53045,"Mason County, Washington",1,Total,"65,507",*****
B01003,05000US53053,"Pierce County, Washington",1,Total,"891,299",*****
B01003,05000US53057,"Skagit County, Washington",1,Total,"128,206",*****
B01003,05000US53061,"Snohomish County, Washington",1,Total,"814,901",*****
B01003,05000US53063,"Spokane County, Washington",1,Total,"514,631",*****
B01003,05000US53067,"Thurston County, Washington",1,Total,"286,419",*****
B01003,05000US53073,"Whatcom County, Washington",1,Total,"225,685",*****
B01003,05000US53077,"Yakima County, Washington",1,Total,"251,446",*****
B01003,05000US54003,"Berkeley County, West Virginia",1,Total,"117,123",*****
B01003,05000US54011,"Cabell County, West Virginia",1,Total,"93,224",*****
B01003,05000US54033,"Harrison County, West Virginia",1,Total,"67,554",*****
B01003,05000US54039,"Kanawha County, West Virginia",1,Total,"180,454",*****
B01003,05000US54061,"Monongalia County, West Virginia",1,Total,"106,420",*****
B01003,05000US54081,"Raleigh County, West Virginia",1,Total,"74,254",*****
B01003,05000US54107,"Wood County, West Virginia",1,Total,"84,203",*****
B01003,05000US55009,"Brown County, Wisconsin",1,Total,"263,378",*****
B01003,05000US55025,"Dane County, Wisconsin",1,Total,"542,364",*****
B01003,05000US55027,"Dodge County, Wisconsin",1,Total,"87,847",*****
B01003,05000US55035,"Eau Claire County, Wisconsin",1,Total,"104,534",*****
B01003,05000US55039,"Fond du Lac County, Wisconsin",1,Total,"103,066",*****
B01003,05000US55055,"Jefferson County, Wisconsin",1,Total,"85,129",*****
B01003,05000US55059,"Kenosha County, Wisconsin",1,Total,"169,290",*****
B01003,05000US55063,"La Crosse County, Wisconsin",1,Total,"118,230",*****
B01003,05000US55071,"Manitowoc County, Wisconsin",1,Total,"79,074",*****
B01003,05000US55073,"Marathon County, Wisconsin",1,Total,"135,428",*****
B01003,05000US55079,"Milwaukee County, Wisconsin",1,Total,"948,201",*****
B01003,05000US55087,"Outagamie County, Wisconsin",1,Total,"187,365",*****
B01003,05000US55089,"Ozaukee County, Wisconsin",1,Total,"89,147",*****
B01003,05000US55097,"Portage County, Wisconsin",1,Total,"70,942",*****
B01003,05000US55101,"Racine County, Wisconsin",1,Total,"196,584",*****
B01003,05000US55105,"Rock County, Wisconsin",1,Total,"163,129",*****
B01003,05000US55109,"St. Croix County, Wisconsin",1,Total,"89,694",*****
B01003,05000US55117,"Sheboygan County, Wisconsin",1,Total,"115,456",*****
B01003,05000US55127,"Walworth County, Wisconsin",1,Total,"103,718",*****
B01003,05000US55131,"Washington County, Wisconsin",1,Total,"135,693",*****
B01003,05000US55133,"Waukesha County, Wisconsin",1,Total,"403,072",*****
B01003,05000US55139,"Winnebago County, Wisconsin",1,Total,"171,020",*****
B01003,05000US55141,"Wood County, Wisconsin",1,Total,"73,055",*****
B01003,05000US56021,"Laramie County, Wyoming",1,Total,"98,976",*****
B01003,05000US56025,"Natrona County, Wyoming",1,Total,"79,115",*****
B01003,05000US72013,"Arecibo Municipio, Puerto Rico",1,Total,"82,114",*****
B01003,05000US72021,"Bayamón Municipio, Puerto Rico",1,Total,"170,480",*****
B01003,05000US72025,"Caguas Municipio, Puerto Rico",1,Total,"124,434",*****
B01003,05000US72031,"Carolina Municipio, Puerto Rico",1,Total,"147,661",*****
B01003,05000US72061,"Guaynabo Municipio, Puerto Rico",1,Total,"83,787",*****
B01003,05000US72097,"Mayagüez Municipio, Puerto Rico",1,Total,"71,986",*****
B01003,05000US72113,"Ponce Municipio, Puerto Rico",1,Total,"133,191",*****
B01003,05000US72127,"San Juan Municipio, Puerto Rico",1,Total,"320,967",*****
B01003,05000US72135,"Toa Alta Municipio, Puerto Rico",1,Total,"71,094",*****
B01003,05000US72137,"Toa Baja Municipio, Puerto Rico",1,Total,"74,623",*****
B01003,05000US72139,"Trujillo Alto Municipio, Puerto Rico",1,Total,"63,746",*****
